,Brand,Model,Pool Pump Type,Nameplate Input Power,Weighted Energy Factor,Date Available Until,Labelled energy consumption (kWh/year)
0,Astral Pool,21280 (CTX280C),Single speed,1035,14.255,14/04/2027,1280.2
1,Astral Pool,21170 (E170C),Single speed,805,16.002,11/05/2027,1140.5
2,Filtrite,11473CR (PX150),Single speed,1587,11.795,02/06/2027,1547.3
3,Stanley,1120309 (STX400),Single speed,1587,11.795,02/06/2027,1547.3
4,H2flo,1120305 (SP 1.5HP),Single speed,1587,11.795,02/06/2027,1547.3
5,H2flo,PX150,Single speed,1587,11.795,02/06/2027,1547.3
6,Stanley,PX150,Single speed,1587,11.795,02/06/2027,1547.3
7,Filtrite,PX150,Single speed,1587,11.795,02/06/2027,1547.3
8,Astral Pool,11456 (FX190),Single speed,798.1,15.718,11/05/2027,1161.1
9,Astral Pool,11459 (FX340),Single speed,1587,11.701,11/05/2027,1559.6
10,Astral Pool,11547 (Viron XT P320C),Variable speed,1725,35.529,11/05/2027,513.66
11,Astral Pool,11548 (Viron XT P520C),Variable speed,1840,24.874,11/05/2027,733.71
12,Astral Pool,21140 (E140C),Single speed,805,16.316,11/05/2027,1118.6
13,Astral Pool,21230 (E230C),Single speed,897,15.035,11/05/2027,1213.8
14,Astral Pool,21360 (CTX360C),Single speed,1104,13.491,11/05/2027,1352.7
15,Astral Pool,21400 (CTX400C),Single speed,1633,11.607,11/05/2027,1572.3
16,Filtrite,11477CR (PE100),Single speed,897,14.933,11/05/2027,1222.1
17,Filtrite,11476CR (PE75),Single speed,805,15.867,11/05/2027,1150.2
18,Filtrite,11557 (PZ303),Multi speed,1702,24.736,11/05/2027,737.79
19,Baracuda,WP000205 (Hydra+ 0.75HP),Single speed,954.5,15.875,13/05/2027,1149.6
20,Baracuda,WP000206 (Hydra+ 0.5HP),Single speed,655.5,20.598,17/05/2027,886.02
21,Baracuda,WP000207 (Hydra+1.0HP),Single speed,1104,14.61,13/05/2027,1249.1
22,Baracuda,WP000208 (Hydra+ 1.5HP),Single speed,1265,13.485,17/05/2027,1353.3
23,Baracuda,WP000210 (Supra ECO VS),Variable speed,1518,34.371,19/05/2027,530.97
24,Pentair,PPP-1500-1P,Single speed,1450,12.636,17/05/2027,1444.3
25,Hyclor,1.0hp (72543),Single speed,856,14.201,04/10/2027,1285.1
26,Astral Pool,11457 (FX250),Single speed,1007.4,14.087,01/06/2027,1295.5
27,Astral Pool,11461 (FX140),Single speed,632.5,17.094,01/06/2027,1067.6
28,Filtrite,11470CR (PX75),Single speed,828,15.558,01/06/2027,1173
29,Filtrite,11475CR (PE50),Single speed,667,16.344,01/06/2027,1116.6
30,Baracuda,WP000209 (Supra ECO3),Multi speed,1495,26.587,01/06/2027,686.43
31,Pentair,PPP-1100-1P,Single speed,1300,13.163,01/06/2027,1386.4
32,Filtrite,11471CR (PX100),Single speed,1035,14.13,02/06/2027,1291.6
33,Stanley,1120109 (STX280),Single speed,1035,14.13,02/06/2027,1291.6
34,H2flo,1120105 (SP 1HP),Single speed,1035,14.13,02/06/2027,1291.6
35,H2flo,PX100,Single speed,1035,14.13,02/06/2027,1291.6
36,Stanley,PX100,Single speed,1035,14.13,02/06/2027,1291.6
37,Filtrite,PX100,Single speed,1035,14.13,02/06/2027,1291.6
38,Zodiac,WP000024 (FLOPRO VS 1.5HP),Variable speed,1500,35.78,09/06/2027,510.07
39,Zodiac,WP000071 (WFHPM1.0),Single speed,1030,13.837,09/06/2027,1318.9
40,Zodiac,WP000072 (WFHPM1.5),Single speed,1473,12.619,09/06/2027,1446.3
41,Zodiac,WP000116 (FLOPRO e3.1HP),Variable speed,975,32.426,09/06/2027,562.81
42,Zodiac,WP000070 (WFHPM.75),Single speed,740,15.386,09/06/2027,1186.1
43,Zodiac,WP000117 (FLOPRO e3 1.5HP),Variable speed,1400,30.892,09/06/2027,590.76
44,Waterco,Hydrostorm 1.0HP,Single speed,870,15.885,05/09/2027,1148.9
45,Pentair,PPP-750-1P,Single speed,920,15.03,15/06/2027,1214.2
46,Baker Hydro,Nova ECO-V100,Variable speed,887,34.709,07/09/2027,525.8
47,Pentair,PPP-550-1P,Single speed,825,17.062,21/06/2027,1069.6
48,Pentair,LTP750,Single speed,1000,14.831,21/06/2027,1230.5
49,Pentair,LTP1100,Single speed,1300,13.829,21/06/2027,1319.7
50,Pentair,LTP550,Single speed,785,16.973,06/07/2027,1075.2
51,Pentair,PPP-800-VS,Variable speed,975,33.352,11/07/2027,547.2
52,Pentair,PPP-950-2SP,Two-speed,1250,22.854,11/07/2027,798.56
53,Davey,SLL300,Single speed,1400,11.945,08/09/2027,1527.8
54,Water TechniX,WT-VECO1100,Variable speed,1500,31.043,02/02/2028,587.9
55,Water TechniX Powered By LEO,WT-XKP1106T,Single speed,1100,14.785,22/08/2022,1234.3
56,Astral Pool,11492 (BX 1.5),Single speed,1587,11.579,20/07/2027,1576.2
57,Astral Pool,21615 (XP 1.5HP),Single speed,1587,11.898,20/07/2027,1533.9
58,Pentair,WHFL-1500-VS,Variable speed,1850,26.6,26/07/2027,686.09
59,Maytronics,ECOCLEAR VS 1500,Variable speed,1850,26.6,26/07/2027,686.09
60,Maytronics,WhisperFlo VS 1500W Pumps,Variable speed,1850,26.6,26/07/2027,686.09
61,Pentair,WhisperFlo VS 1500W Pumps,Variable speed,1850,26.6,26/07/2027,686.09
62,Waterco,Turboflo 1.0HP,Single speed,940,14.878,06/09/2027,1226.6
63,Waterco,Turboflo 2.0HP,Single speed,1414,12.127,06/09/2027,1504.8
64,Waterco,Turboflo 1.0HP MGS,Single speed,940,14.878,06/09/2027,1226.6
65,Waterco,Turboflo 2.0HP MGS,Single speed,1414,12.127,06/09/2027,1504.8
66,Waterco,Hydrostorm 1.5HP,Single speed,1310,13.337,06/09/2027,1368.4
67,Waterco,Hydrostorm 2.0HP,Single speed,1425,12.594,06/09/2027,1449.1
68,Waterco,Supatuf 1.0HP MK2,Single speed,841,17.087,07/09/2027,1068.1
69,Waterco,Supatuf 1.5HP MK2,Single speed,1084,15.291,07/09/2027,1193.5
70,Pentair,WHFL-800-VS,Variable speed,975,37.056,05/08/2027,492.5
71,Maytronics,ECOCLEAR VS 800,Variable speed,975,37.056,05/08/2027,492.5
72,Maytronics,WhisperFlo VS 800W Pool Pumps,Variable speed,975,37.056,05/08/2027,492.5
73,Pentair,WhisperFlo VS 800W Pool Pumps,Variable speed,975,37.056,05/08/2027,492.5
74,Pentair,IntelliFlo 2 VSF 011056-AU,Variable speed,3200,23.566,09/08/2027,774.41
75,Pentair,WHFL-750-1P,Single speed,890,16.04,09/08/2027,1137.8
76,Maytronics,ECOCLEAR 750W PUMP,Single speed,890,16.04,09/08/2027,1137.8
77,Maytronics,WhisperFlo 750W Pool Pumps,Single speed,890,16.04,09/08/2027,1137.8
78,Pentair,WhisperFlo 750W Pool Pumps,Single speed,890,16.04,09/08/2027,1137.8
79,Pentair,WHFL-1100-1P,Single speed,1350,13.681,09/08/2027,1333.9
80,Maytronics,ECOCLEAR 1100W PUMP,Single speed,1350,13.681,09/08/2027,1333.9
81,Maytronics,WhisperFlo 1100W Pool Pumps,Single speed,1350,13.681,09/08/2027,1333.9
82,Pentair,WhisperFlo 1100W Pool Pumps,Single speed,1350,13.681,09/08/2027,1333.9
83,Pentair,WHFL-1500-1P,Single speed,1600,12.717,09/08/2027,1435.1
84,Maytronics,ECOCLEAR 1500W PUMP,Single speed,1600,12.717,09/08/2027,1435.1
85,Maytronics,WhisperFlo 1500W Pool Pumps,Single speed,1600,12.717,09/08/2027,1435.1
86,Pentair,WhisperFlo 1500W Pool Pumps,Single speed,1600,12.717,09/08/2027,1435.1
87,Davey,QB3002-AMP,Two-speed,2200,16.747,13/09/2027,1089.7
88,Davey,QB3002AUS-AMP,Two-speed,2200,16.747,13/09/2027,1089.7
89,Waterco,Supatuf 2.0HP MK2,Single speed,1500,13.327,08/09/2027,1369.4
90,Waterco,Supastream 0.75HP,Single speed,626,17.768,08/09/2027,1027.1
91,Waterco,Supastream 1.0HP,Single speed,793,16.255,08/09/2027,1122.7
92,Waterco,Supastream 1.5HP,Single speed,1056,14.313,08/09/2027,1275.1
93,Waterco,Aquastream Solar 0.75HP MK2,Single speed,680,17.499,08/09/2027,1042.9
94,Waterco,Aquastream Solar 1.0HP MK2,Single speed,860,16.07,08/09/2027,1135.7
95,Waterco,Aquastream Solar 1.5HP MK2,Single speed,1090,14.362,08/09/2027,1270.7
96,Pentair,EVMX800,Variable speed,975,39.609,17/08/2027,460.75
97,Pentair,EVMX1500,Variable speed,2100,26.934,17/08/2027,677.58
98,Pentair,SF550100,Single speed,650,19.434,17/08/2027,939.1
99,RELTECH,PLT V8,Variable speed,1850,37.257,18/08/2027,489.84
100,Water TechniX Powered By LEO,WT-XKP1104T,Single speed,1012.5,14.785,22/08/2022,1234.3
101,Pentair,MP730100,Single speed,925,14.567,08/09/2027,1252.8
102,Pentair,MP930100,Single speed,1160,13.559,08/09/2027,1346
103,Aquatight,Saturn 0.75HP,Single speed,626,17.768,08/09/2027,1027.1
104,Aquatight,Saturn 1.0 HP,Single speed,793,16.255,08/09/2027,1122.7
105,Aquatight,Saturn 1.5HP,Single speed,1056,14.313,08/09/2027,1275.1
106,Baker Hydro,Nova 1.0 HP,Single speed,870,15.885,08/09/2027,1148.9
107,Baker Hydro,Nova 1.5 HP,Single speed,1310,13.337,12/09/2027,1368.4
108,Baker Hydro,Nova 2.0 HP,Single speed,1425,12.594,08/09/2027,1449.1
109,Baker Hydro,Vesta 1.0 HP MK2,Single speed,841,17.087,08/09/2027,1068.1
110,Baker Hydro,Vesta 1.5 HP MK2,Single speed,1084,15.291,08/09/2027,1193.5
111,Baker Hydro,Vesta 2.0 HP MK2,Single speed,1500,13.327,08/09/2027,1369.4
112,Baker Hydro,Orion 0.75 HP,Single speed,626,17.768,08/09/2027,1027.1
113,Baker Hydro,Orion 1.0 HP,Single speed,793,16.255,12/09/2027,1122.7
114,Baker Hydro,Orion 1.5 HP,Single speed,1056,14.313,08/09/2027,1275.1
115,Lacron,Grange 0.75 HP,Single speed,653,17.768,12/09/2027,1027.1
116,Lacron,Grange 1.0 HP,Single speed,860,16.255,12/09/2027,1122.7
117,Lacron,Maxi Grange 1.0 HP,Single speed,874,15.885,12/09/2027,1148.9
118,Lacron,Maxi Grange 1.5 HP,Single speed,1307,13.337,12/09/2027,1368.4
119,Evolution,Evoflow Stream 0.75HP,Single speed,626,17.768,12/09/2027,1027.1
120,Evolution,Evoflow Stream 1.0HP,Single speed,793,16.255,12/09/2027,1122.7
121,Evolution,Evoflow Stream 1.5HP,Single speed,1056,14.313,12/09/2027,1275.1
122,Evolution,Evoflow Storm 1.5HP,Single speed,1310,13.337,12/09/2027,1368.4
123,Evolution,Evoflow Storm 2.0HP,Single speed,1425,12.594,12/09/2027,1449.1
124,Evolution,Evoflow Tuf 1.0HP MK2,Single speed,841,17.087,12/09/2027,1068.1
125,Evolution,Evoflow Tuf 1.5HP MK2,Single speed,1084,15.291,12/09/2027,1193.5
126,Evolution,Evoflow Tuf 2.0HP MK2,Single speed,1500,13.327,12/09/2027,1369.4
127,Waterco,Hydrostorm ECO-V 100,Variable speed,888,35.259,07/09/2027,517.6
128,Evolution,Evoflow Storm ECO-V 100,Variable speed,888,35.259,12/09/2027,517.6
129,Waterco,Hydrostorm ECO-V 150,Variable speed,1252,31.963,08/09/2027,570.97
130,Waterco,Supatuf ECO 100 MK2,Multi speed,814,29.51,08/09/2027,618.43
131,Waterco,Supatuf ECO-V 100 MK2,Variable speed,813,37.584,12/09/2027,485.58
132,Waterco,Supatuf ECO-V 150 MK2,Variable speed,1012,35.45,08/09/2027,514.8
133,Evolution,Evoflow Eco-Tuf 100 MK2,Variable speed,813,37.584,12/09/2027,485.58
134,Lacron,Lacronite ECO 100,Multi speed,892,27.721,08/09/2027,658.35
135,Lacron,Lacronite ECO-V100,Variable speed,892,32.759,08/09/2027,557.1
136,Lacron,Lacronite ECO-V 150,Variable speed,1209,31.192,08/09/2027,585.09
137,Aquatight,Saturn VS100,Variable speed,813,37.584,12/09/2027,485.58
138,Aquatight,Saturn VS150,Variable speed,1252,31.963,12/09/2027,570.97
139,Baker Hydro,Nova ECO-V150,Variable speed,1252,31.963,12/09/2027,570.97
140,Pentair,MP1100100,Single speed,1330,12.467,08/09/2027,1463.9
141,Davey,SLS200,Single speed,1090,12.944,13/09/2027,1409.9
142,Waterco,Turboflo 1.5HP MGS,Single speed,1400,12.809,12/09/2027,1424.8
143,Waterco,Turboflo 1.5HP,Single speed,1400,12.809,12/09/2027,1424.8
144,RELTECH,PLT100,Single speed,1030,15.649,05/09/2027,1166.2
145,RELTECH,PLT150,Single speed,1435,12.183,05/09/2027,1498
146,Davey,SLS100,Single speed,740,15.394,14/09/2027,1185.6
147,RELTECH,PLT V3,Variable speed,975,45.554,06/09/2027,400.62
148,Davey,SLS150,Single speed,860,15.244,14/09/2027,1197.2
149,Davey,SLS300,Single speed,1400,11.87,14/09/2027,1537.5
150,Davey,SLL200,Single speed,1130,13.264,14/09/2027,1375.9
151,Waterco,Hydrostorm 1.0HP MGS,Single speed,870,15.885,12/09/2027,1148.9
152,Waterco,Hydrostorm 1.5HP MGS,Single speed,1310,13.337,12/09/2027,1368.4
153,Waterco,Supastream 0.75HP MGS,Single speed,626,17.768,12/09/2027,1027.1
154,Waterco,Supastream 1.0HP MGS,Single speed,793,16.255,12/09/2027,1122.7
155,Waterco,Supastream 1.5HP MGS,Single speed,1056,14.313,12/09/2027,1275.1
156,Waterco,Hydrostorm ECO-V 150 MGS,Variable speed,1252,31.963,12/09/2027,570.97
157,RELTECH,PLTV5,Variable speed,1400,38.285,01/10/2027,476.69
158,Davey,DSF900,Single speed,900,16.292,14/09/2027,1120.2
159,Davey,DSF1100,Single speed,1100,15.378,14/09/2027,1186.7
160,Davey,DSF750,Single speed,750,19.476,14/09/2027,937.03
161,Davey,DSF1350,Single speed,1350,14.745,14/09/2027,1237.7
162,Davey,PM250,Single speed,1360,11.824,14/09/2027,1543.4
163,Davey,PM350,Single speed,1670,10.948,14/09/2027,1666.9
164,Davey,PM200,Single speed,1200,11.447,14/09/2027,1594.3
165,Davey,C100M,Single speed,1500,13.389,14/09/2027,1363.1
166,Davey,C75M,Single speed,1200,14.354,14/09/2027,1271.4
167,Davey,C150M,Single speed,1600,12.676,14/09/2027,1439.8
168,Davey,QB2002-AMP,Two-speed,1500,20.191,14/09/2027,903.87
169,Davey,QB2002AUS-AMP,Two-speed,1500,20.191,14/09/2027,903.87
170,Davey,QB2002,Two-speed,1500,20.191,14/09/2027,903.87
171,Davey,QB2502-AMP,Two-speed,1850,17.473,14/09/2027,1044.5
172,Davey,QB2502AUS-AMP,Two-speed,1850,17.473,14/09/2027,1044.5
173,Davey,QB2502,Two-speed,1850,17.473,14/09/2027,1044.5
174,Davey,QB3002,Two-speed,2200,16.747,13/09/2027,1089.7
175,Davey,C200A,Single speed,720,17.836,04/10/2027,1023.2
176,Davey,C200AB,Single speed,720,17.836,04/10/2027,1023.2
177,Davey,C200TB,Single speed,720,17.836,04/10/2027,1023.2
178,Davey,C200,Single speed,720,17.836,04/10/2027,1023.2
179,Davey,C270A,Single speed,900,15.256,04/10/2027,1196.3
180,Davey,C270AB,Single speed,900,15.256,04/10/2027,1196.3
181,Davey,C270TB,Single speed,900,15.256,04/10/2027,1196.3
182,Davey,C270,Single speed,900,15.256,04/10/2027,1196.3
183,Pentair,SF750103,Single speed,740,18.025,14/09/2027,1012.5
184,Pentair,SF1100100,Single speed,1050,15.556,14/09/2027,1173.2
185,Pentair,SF1500100,Single speed,1590,13.452,14/09/2027,1356.7
186,Pentair,PRFL-750-1P,Single speed,870,15.828,20/09/2027,1153
187,Pentair,SUFL-750-1P,Single speed,870,15.828,20/09/2027,1153
188,Pentair,SuperFlo Pool Pumps,Single speed,870,15.828,20/09/2027,1153
189,Pentair,SUFL-1100-1P,Single speed,1300,12.86,20/09/2027,1419.2
190,Pentair,PRFL-1100-1P,Single speed,1300,12.86,20/09/2027,1419.2
191,Pentair,SuperFlo Pool Pumps,Single speed,1300,12.86,20/09/2027,1419.2
192,Pentair,PRFL-1500-1P,Single speed,1600,11.865,20/09/2027,1538.2
193,Pentair,SUFL-1500-1P,Single speed,1600,11.865,20/09/2027,1538.2
194,Pentair,SuperFlo Pool Pumps,Single speed,1600,11.865,20/09/2027,1538.2
195,Pentair,PRFL-800-ECO,Variable speed,975,29.91,20/09/2027,610.16
196,Pentair,SUFL-800-VS,Variable speed,975,29.91,20/09/2027,610.16
197,Pentair,SuperFlo VS Pool Pumps,Variable speed,975,29.91,20/09/2027,610.16
198,OASIS,PLT 100,Single speed,1030,15.649,05/09/2027,1166.2
199,OASIS,PLATINUM,Single speed,1030,15.649,05/09/2027,1166.2
200,RELTECH,PLATINUM,Single speed,1030,15.649,05/09/2027,1166.2
201,Davey,QB2001AUS-C38,Single speed,1500,13.335,14/09/2027,1368.6
202,Davey,QB2001-C38,Single speed,1500,13.335,14/09/2027,1368.6
203,Davey,QB2001-AMP,Single speed,1500,13.335,14/09/2027,1368.6
204,Davey,QB2001AUS-AMP,Single speed,1500,13.335,14/09/2027,1368.6
205,Davey,QB2001,Single speed,1500,13.335,14/09/2027,1368.6
206,Lacron,Grange 0.75HP,Single speed,626,17.768,30/09/2027,1027.1
207,Lacron,Grange 1.0HP,Single speed,793,16.255,30/09/2027,1122.7
208,HAYWARD,TS540VS,Variable speed,1780,33.386,11/10/2027,546.65
209,Hyclor,1.5hp (72544),Single speed,1198,12.689,04/10/2027,1438.2
210,Hyclor,Twin speed (72533),Two-speed,1310,18.631,05/10/2027,979.54
211,Zodiac,Titan Pumps 1.0HP,Single speed,970,13.63,20/07/2027,1339
212,Baracuda,Titan Pumps 1.0HP,Single speed,970,13.63,20/07/2027,1339
213,Baracuda,WP000051 (HYDRA 1.0HP),Single speed,970,13.63,20/07/2027,1339
214,Zodiac,W88021705 (ZTS100),Single speed,970,13.63,20/07/2027,1339
215,Zodiac,Titan Pumps 1.5HP,Single speed,1300,12.415,20/07/2027,1470
216,Baracuda,Titan Pumps 1.5HP,Single speed,1300,12.415,20/07/2027,1470
217,Baracuda,WP000052 (HYDRA 1.5HP),Single speed,1300,12.415,20/07/2027,1470
218,Zodiac,W88021707 (ZTS150),Single speed,1300,12.415,20/07/2027,1470
219,RELTECH,PLTV5+,Variable speed,1400,38.285,01/10/2027,476.69
220,RELTECH,PLATINUM V SERIES,Variable speed,1400,38.285,01/10/2027,476.69
221,DAB,E.SWIM 300,Variable speed,2250,26.397,19/10/2027,691.37
222,DAB,EUROSWIM 75 M,Single speed,1000,14.302,19/10/2027,1276
223,DAB,EUROSWIM 100 M,Single speed,1300,13.419,19/10/2027,1360
224,DAB,EUROSWIM 150 M,Single speed,1600,11.403,19/10/2027,1600.4
225,HAYWARD,SP2300VS,Variable speed,750,37.992,02/11/2027,480.41
226,RELTECH,PLT V3+,Variable speed,975,45.554,06/09/2027,400.62
227,RELTECH,Reltech,Variable speed,975,45.554,06/09/2027,400.62
228,RELTECH,PLTV8+,Variable speed,1850,37.257,18/08/2027,489.84
229,RELTECH,PLTV8,Variable speed,1850,37.257,18/08/2027,489.84
230,sinyoa,SUPB100,Single speed,874,16.165,13/10/2027,1129
231,sinyoa,SUPB150,Single speed,1196,12.92,,1412.6
232,Klorman Watertech,WT75-S,Single speed,760,14.753,28/10/2027,1237
233,sinyoa,SUPB200,Single speed,1610,12.048,,1514.8
234,Klorman Watertech,WT100-VS,Variable speed,750,29.095,28/10/2027,627.25
235,Klorman Watertech,WT150-S,Single speed,1190,12.754,28/10/2027,1430.9
236,DAB,E.SWIM 150,Variable speed,1250,29.861,28/10/2027,611.18
237,DAB,EUROSWIM 50,Single speed,900,17.282,28/10/2027,1056
238,Astral Pool,11560 (ECOMBI EEV2),Two-speed,1610,17.731,19/10/2027,1029.3
239,Filtrite,11560CR (ECOMBI EEV2),Two-speed,1610,17.731,19/10/2027,1029.3
240,Filtrite,ECOMBI,Two-speed,1610,17.731,19/10/2027,1029.3
241,Astral Pool,ECOMBI,Two-speed,1610,17.731,19/10/2027,1029.3
242,Klorman Watertech,WT100-S,Single speed,983.77,13.965,21/10/2027,1306.8
243,Klorman Watertech,WT200-S,Single speed,1373.6,11.631,25/10/2027,1569
244,Klorman Watertech,WT150-VS,Variable speed,1100,24.663,25/10/2027,739.98
245,Noria,POD 100,Single speed,1100,14.16,07/11/2027,1288.8
246,Noria,POD 150,Single speed,1500,12.206,07/11/2027,1495.2
247,Oceanix Water Tech,OWTP100,Single speed,750,17.284,02/11/2027,1055.9
248,Oceanix Water Tech,OWTP120,Single speed,900,15.119,02/11/2027,1207.1
249,Oceanix Water Tech,OWTP150,Single speed,1100,13.529,02/11/2027,1349
250,Oceanix Water Tech,OWTP200,Single speed,1500,12.174,02/11/2027,1499.1
251,REEFE,SPP750,Single speed,874,16.165,07/11/2027,1129
252,REEFE,SPP1100,Single speed,1196,12.92,07/11/2027,1412.6
253,REEFE,SPP1500,Single speed,1610,12.048,07/11/2027,1514.8
254,HAYWARD,SP8105DIAU,Single speed,810,18.95,10/11/2027,963.59
255,HAYWARD,SP81004DIAU,Single speed,810,18.95,10/11/2027,963.59
256,spanet,XS-10C,Single speed,750,19.799,08/11/2027,921.77
257,spanet,XS-20,Single speed,1500,13.749,08/11/2027,1327.3
258,spanet,XS20-2S,Two-speed,1500,21.045,08/11/2027,867.19
259,spanet,XS30-2S,Two-speed,2200,18.415,08/11/2027,991.04
260,HAYWARD,PowerFlo II,Single speed,810,18.95,10/11/2027,963.59
261,HAYWARD,SP8107DIAU,Single speed,860,17.111,11/11/2027,1066.7
262,HAYWARD,SP81005DIAU,Single speed,860,17.111,11/11/2027,1066.7
263,HAYWARD,Powerflo II 0.75hp,Single speed,860,17.111,11/11/2027,1066.7
264,HAYWARD,SP8110DIAU,Single speed,1000,16.183,11/11/2027,1127.8
265,HAYWARD,SP81006DIAU,Single speed,1000,16.183,11/11/2027,1127.8
266,HAYWARD,Powerflo II 1hp,Single speed,1000,16.183,11/11/2027,1127.8
267,HAYWARD,SP8115DIAU,Single speed,1200,14.506,11/11/2027,1258.1
268,HAYWARD,SP81007DIAU,Single speed,1200,14.506,11/11/2027,1258.1
269,HAYWARD,Powerflo II 1.5hp,Single speed,1200,14.506,11/11/2027,1258.1
270,Jacuzzi,LP200a 6500-239,Single speed,1500,12.259,14/11/2027,1488.8
271,Jacuzzi,LP200a 6500-240,Single speed,1500,12.259,14/11/2027,1488.8
272,Jacuzzi,LP200a 6500-294,Single speed,1500,12.259,14/11/2027,1488.8
273,Jacuzzi,LP200a 6500-124,Single speed,1500,12.259,14/11/2027,1488.8
274,Jacuzzi,LP200  6500- 084,Single speed,1500,12.259,14/11/2027,1488.8
275,Jacuzzi,LP200  6500- 086,Single speed,1500,12.259,14/11/2027,1488.8
276,Jacuzzi,LP200,Single speed,1500,12.259,14/11/2027,1488.8
277,Jacuzzi,WP250-II 6500-899,Two-speed,1850,18.784,14/11/2027,971.58
278,Jacuzzi,WP250-II 6500-891,Two-speed,1850,18.784,14/11/2027,971.58
279,Jacuzzi,WP250-II 6500-897,Two-speed,1850,18.784,14/11/2027,971.58
280,Jacuzzi,WP250-II,Two-speed,1850,18.784,14/11/2027,971.58
281,Neptune,NPP550,Single speed,600,19.373,24/11/2027,942.02
282,pureblue,SUPB100,Single speed,750,16.654,16/11/2027,1095.8
283,pureblue,SUPB150,Single speed,1100,13.377,16/11/2027,1364.3
284,pureblue,SUPB200,Single speed,1500,12.079,16/11/2027,1510.9
285,Neptune,NPP750,Single speed,800,16.596,24/11/2027,1099.7
286,Neptune,NPP1100,Single speed,1100,14.753,24/11/2027,1237.1
287,Neptune,NPP1500,Single speed,1300,13.761,24/11/2027,1326.2
288,Neptune,NPVS150,Variable speed,1300,29.874,24/11/2027,610.9
289,Noria,ECO 100,Variable speed,870,31.95,09/11/2027,571.2
290,HAYWARD,Super II Eco VS 1.2hp,Variable speed,1400,34.477,14/11/2027,529.35
291,THERALUX,Super II Eco VS 1.2hp,Variable speed,1400,34.477,14/11/2027,529.35
292,LEGEND,Super II Eco VS 1.2hp,Variable speed,1400,34.477,14/11/2027,529.35
293,LEGEND,LSP3012DIVSP,Variable speed,1400,34.477,14/11/2027,529.35
294,THERALUX,T3012DIVSP,Variable speed,1400,34.477,14/11/2027,529.35
295,HAYWARD,SP3012DIVSP,Variable speed,1400,34.477,14/11/2027,529.35
296,LX,EA450,Single speed,1100,13.076,05/12/2027,1395.7
297,LX,WP200-II,Two-speed,1500,21.045,05/12/2027,867.19
298,LX,WP250-II,Two-speed,1850,18.784,05/12/2027,971.58
299,LX,WP300-II,Two-speed,2200,18.415,05/12/2027,991.04
300,LX,LP200,Single speed,1500,13.935,05/12/2027,1309.7
301,LX,LP150,Single speed,1100,16.509,05/12/2027,1105.5
302,LX,DH1.0,Single speed,750,18.211,05/12/2027,1002.2
303,LX,TDA200,Single speed,1500,11.876,05/12/2027,1536.7
304,LX,TDA150,Single speed,1100,13.405,05/12/2027,1361.4
305,LX,TDA100,Single speed,750,18.656,05/12/2027,978.21
306,LX,EA350,Single speed,750,17.454,05/12/2027,1045.6
307,LX,EA390,Single speed,900,14.352,05/12/2027,1271.6
308,LX,JA100,Single speed,750,18.656,05/12/2027,978.21
309,LX,JA150,Single speed,1100,13.405,05/12/2027,1361.4
310,LX,JA200,Single speed,1500,11.876,05/12/2027,1536.7
311,Emaux,SPV150WR,Variable speed,1300,26.275,07/12/2027,694.57
312,Emaux,SC100,Single speed,970,13.639,07/12/2027,1338
313,Emaux,SC150,Single speed,1300,12.32,07/12/2027,1481.4
314,Emaux,SPH100,Single speed,1100,12.162,07/12/2027,1500.6
315,Emaux,SPH150,Single speed,1500,11.926,07/12/2027,1530.2
316,Noria,ECO 150,Variable speed,1360,26.775,11/11/2027,681.6
317,Emaux,SPH075,Single speed,750,15.769,07/12/2027,1157.3
318,Pool Set,P100,Single speed,750,18.219,10/01/2028,1001.7
319,Pool Set,PRO150,Single speed,1100,13.156,10/01/2028,1387.2
320,Poolrite,SQJ 1100,Single speed,1500,11.933,16/01/2028,1529.4
321,Poolrite,SQJ 750,Single speed,1170,13.73,16/01/2028,1329.2
322,Poolrite,EP 1100,Single speed,1550,11.599,19/01/2028,1573.4
323,Poolrite,EP 750,Single speed,1030,13.448,19/01/2028,1357.1
324,Poolrite,SQI 500,Single speed,1250,12.824,16/01/2028,1423.1
325,Pool Set,P150,Single speed,1100,14.108,24/01/2028,1293.6
326,Pool Set,PRO200,Single speed,1500,12.009,01/02/2023,1519.7
327,Pool Set,VS150,Variable speed,1500,31.043,24/01/2028,587.9
328,THERALUX,T3020DI,Single speed,1670,10.966,22/02/2028,1664.5
329,KRIPSOL,KSP3020DI,Single speed,1670,10.966,22/02/2028,1664.5
330,LEGEND,LSP3020DI,Single speed,1670,10.966,22/02/2028,1664.5
331,HAYWARD,SIIE530,Single speed,1670,10.966,22/02/2028,1664.5
332,THERALUX,SIIE530,Single speed,1670,10.966,22/02/2028,1664.5
333,KRIPSOL,SIIE530,Single speed,1670,10.966,22/02/2028,1664.5
334,LEGEND,SIIE530,Single speed,1670,10.966,22/02/2028,1664.5
335,Poolrite,SQ VS 1,Variable speed,975,43.469,18/01/2028,421.53
336,Poolrite,SQ VS 1.5,Variable speed,975,43.469,18/01/2028,421.53
337,Poolrite,Poolrite Energy efficent,Variable speed,975,43.469,18/01/2028,421.53
338,Henden,HSSP200,Single speed,750,18.277,14/09/2027,998.5
339,Henden,HSSP200B,Single speed,750,18.277,14/09/2027,998.5
340,Henden,StarFlo,Single speed,750,18.277,14/09/2027,998.5
341,Davey,DSF420,Single speed,1650,12.022,14/09/2027,1518
342,Henden,HSSP420B,Single speed,1650,12.022,14/09/2027,1518
343,Henden,HSSP420,Single speed,1650,12.022,14/09/2027,1518
344,Henden,StarFlo,Single speed,1650,12.022,14/09/2027,1518
345,Davey,StarFlo,Single speed,1650,12.022,14/09/2027,1518
346,Henden,HSSP300B,Single speed,1100,14.855,14/09/2027,1228.6
347,Davey,DSF300,Single speed,1100,14.855,14/09/2027,1228.6
348,Henden,HSSP300,Single speed,1100,14.855,14/09/2027,1228.6
349,Henden,Starflo,Single speed,1100,14.855,14/09/2027,1228.6
350,Davey,Starflo,Single speed,1100,14.855,14/09/2027,1228.6
351,Waterco,Alphaflo 1.0HP,Single speed,1060,14.213,06/07/2028,1284.1
352,Waterco,Alphaflo 1.5HP,Single speed,1614,11.927,06/07/2028,1530.1
353,Madimack,INVFLO300 (InverFlow Eco 1HP),Variable speed,750,45.296,01/06/2027,402.91
354,Madimack,INVFLO400 (InverFlow Eco 1.5HP),Variable speed,1000,41.535,01/06/2027,439.39
355,Davey,PM400BT,Variable speed,2300,31.084,17/10/2027,587.13
356,Henden,H400VSPBT,Variable speed,2300,31.084,17/10/2027,587.13
357,Henden,Silensor VSD Pumps,Variable speed,2300,31.084,17/10/2027,587.13
358,Davey,Silensor VSD Pumps,Variable speed,2300,31.084,17/10/2027,587.13
359,Henden,H8VSPBT,Variable speed,2300,31.084,17/10/2027,587.13
360,Henden,H280VSPBT,Variable speed,1541,29.855,06/10/2026,611.29
361,Henden,Silensor VSD Pumps,Variable speed,1541,29.855,06/10/2026,611.29
362,Davey,Silensor VSD Pumps,Variable speed,1541,29.855,06/10/2026,611.29
363,Davey,PM200BT,Variable speed,1541,29.855,06/10/2026,611.29
364,Henden,H8200VSPBT,Variable speed,1541,29.855,06/10/2026,611.29
365,Madimack,INVULT300 (InverFlow Ultra 1HP),Variable speed,750,45.26,08/11/2022,403.22
366,Madimack,INVULT500 (InverFlow Ultra 2HP),Variable speed,1400,37.097,08/11/2022,491.96
367,Waterco,Alphaflo 0.75HP,Single speed,734,17.077,06/07/2028,1068.7
368,Davey,PMECO2,Two-speed,1633,21.277,14/07/2028,857.75
369,Henden,H62SP,Two-speed,1633,21.277,14/07/2028,857.75
370,Henden,PMECO2,Two-speed,1633,21.277,14/07/2028,857.75
371,pureblue,EP475,Variable speed,1500,31.043,24/07/2028,587.9
372,HAYWARD,PLDI-200,Single speed,1380,13.328,11/08/2028,1369.8
373,Waterco,Alphaflo ECO-V100,Variable speed,910,34.101,01/09/2028,535.18
374,Waterco,Alphaflo ECO-V150,Variable speed,1416,33.162,07/09/2028,550.33
375,B&L PUMPS,Tornado Variable speed,Variable speed,975,34.962,19/09/2028,522
376,Premier,PM3100183-PR750SP (1.0HP),Single speed,1030,13.429,03/11/2028,1359
377,Premier,PM3100183-PR750FS (1.0HP),Single speed,1030,13.429,03/11/2028,1359
378,Aquatight,Apex AP 1.0HP,Single speed,1060,14.213,12/10/2028,1284.1
379,Aquatight,Apex AP 1.5HP,Single speed,1614,11.927,16/10/2028,1530.1
380,Aquatight,Apex VS100,Variable speed,910,34.101,16/10/2028,535.18
381,Davey,PMECO,Multi speed,1472,29.386,14/09/2027,621.05
382,Henden,H3SP1HP,Multi speed,1472,29.386,14/09/2027,621.05
383,Henden,PMECO,Multi speed,1472,29.386,14/09/2027,621.05
384,Henden,H83SP,Multi speed,1472,29.386,14/09/2027,621.05
385,Davey,PMECO,Multi speed,1472,31.164,03/04/2028,585.62
386,Henden,H3SP1HPN,Multi speed,1472,31.164,03/04/2028,585.62
387,Henden,PMECO,Multi speed,1472,31.164,03/04/2028,585.62
388,Leafmaster,PM3100183-LM100 (1.0HP),Single speed,1030,13.429,03/11/2028,1359
389,Premier,Premier 750W,Single speed,1030,13.429,03/11/2028,1359
390,Leafmaster,Premier 750W,Single speed,1030,13.429,03/11/2028,1359
391,Baker Hydro,Stellar 1.0HP,Single speed,1060,14.213,23/11/2028,1284.1
392,Baker Hydro,Stellar 1.5HP,Single speed,1614,11.927,23/11/2028,1530.1
393,Baker Hydro,Stellar ECO-V100,Variable speed,910,34.101,23/11/2028,535.18
394,Baker Hydro,Stellar ECO-V150,Variable speed,1416,33.162,23/11/2028,550.33
395,Madimack,eFlow 300,Variable speed,750,45.977,08/11/2022,396.94
396,Madimack,Madimack,Variable speed,750,45.977,08/11/2022,396.94
397,Madimack,InverFlow Pro P300i,Variable speed,750,45.977,08/11/2022,396.94
398,Madimack,eFlow 400,Variable speed,1050,42.114,08/11/2022,433.35
399,Madimack,Madimack,Variable speed,1050,42.114,08/11/2022,433.35
400,Madimack,InverFlow Pro P400i,Variable speed,1050,42.114,08/11/2022,433.35
401,Madimack,eFlow 500,Variable speed,1400,37.534,08/11/2022,486.23
402,Madimack,Madimack,Variable speed,1400,37.534,08/11/2022,486.23
403,Madimack,InverFlow Pro P500i,Variable speed,1400,37.534,08/11/2022,486.23
404,HAYWARD,SFII530,Single speed,1700,11.169,13/12/2028,1634
405,Astral Pool,21105 (XF140),Single speed,805,17.258,07/12/2028,1057.5
406,Astral Pool,21110 (XF250),Single speed,1150,13.9,07/12/2028,1312.9
407,RELTECH,PR100,Single speed,1030,15.561,07/08/2027,1172.8
408,RELTECH,SS100,Single speed,1030,15.561,07/08/2027,1172.8
409,RELTECH,GEN3-100,Single speed,1030,15.561,07/08/2027,1172.8
410,OASIS,PR100,Single speed,1030,15.561,07/08/2027,1172.8
411,PURESWIM,PR100,Single speed,1030,15.561,07/08/2027,1172.8
412,SUPERPOOL,PR100,Single speed,1030,15.561,07/08/2027,1172.8
413,AQUATIGHT,PR100,Single speed,1030,15.561,07/08/2027,1172.8
414,PURESWIM,PSS1001,Single speed,1030,15.561,07/08/2027,1172.8
415,SUPERPOOL,CL1.0,Single speed,1030,15.561,07/08/2027,1172.8
416,AQUATIGHT,S310,Single speed,1030,15.561,07/08/2027,1172.8
417,OASIS,P270,Single speed,1030,15.561,07/08/2027,1172.8
418,OASIS,M250,Single speed,1030,15.561,07/08/2027,1172.8
419,OASIS,P380,Single speed,1435,12.371,24/08/2027,1475.3
420,RELTECH,PR150,Single speed,1435,12.371,24/08/2027,1475.3
421,RELTECH,GEN3-150,Single speed,1435,12.371,24/08/2027,1475.3
422,PURESWIM,PSS1002,Single speed,1435,12.371,24/08/2027,1475.3
423,SUPERPOOL,CL1.5,Single speed,1435,12.371,24/08/2027,1475.3
424,AQUATIGHT,PR150,Single speed,1435,12.371,24/08/2027,1475.3
425,OASIS,PR150,Single speed,1435,12.371,24/08/2027,1475.3
426,PURESWIM,PR150,Single speed,1435,12.371,24/08/2027,1475.3
427,SUPERPOOL,PR150,Single speed,1435,12.371,24/08/2027,1475.3
428,AQUATIGHT,S450,Single speed,1435,12.371,24/08/2027,1475.3
429,HAYWARD,SFII430,Single speed,1380,13.275,07/11/2027,1374.8
430,LEGEND,SIIE430,Single speed,1380,13.275,07/11/2027,1374.8
431,THERALUX,SIIE430,Single speed,1380,13.275,07/11/2027,1374.8
432,HAYWARD,SIIE430,Single speed,1380,13.275,07/11/2027,1374.8
433,HAYWARD,SP3015DI,Single speed,1380,13.275,07/11/2027,1374.8
434,THERALUX,T3015DI,Single speed,1380,13.275,07/11/2027,1374.8
435,LEGEND,LSP3015DI,Single speed,1380,13.275,07/11/2027,1374.8
436,HAYWARD,PLDI-150,Single speed,1380,13.275,07/11/2027,1374.8
437,HAYWARD,SFII320,Single speed,980,15.58,07/11/2027,1171.4
438,LEGEND,SIIE320 1.0hp,Single speed,980,15.58,07/11/2027,1171.4
439,THERALUX,SIIE320 1.0hp,Single speed,980,15.58,07/11/2027,1171.4
440,HAYWARD,SIIE320 1.0hp,Single speed,980,15.58,07/11/2027,1171.4
441,HAYWARD,SP3010DI,Single speed,980,15.58,07/11/2027,1171.4
442,THERALUX,T3010DI,Single speed,980,15.58,07/11/2027,1171.4
443,LEGEND,LSP3010DI,Single speed,980,15.58,07/11/2027,1171.4
444,HAYWARD,PLDI-100,Single speed,980,15.58,07/11/2027,1171.4
445,HAYWARD,SFII350,Single speed,1100,14.068,07/11/2027,1297.4
446,LEGEND,SIIE350,Single speed,1100,14.068,07/11/2027,1297.4
447,THERALUX,SIIE350,Single speed,1100,14.068,07/11/2027,1297.4
448,HAYWARD,SIIE350,Single speed,1100,14.068,07/11/2027,1297.4
449,HAYWARD,SP3012DI,Single speed,1100,14.068,07/11/2027,1297.4
450,THERALUX,T3012DI,Single speed,1100,14.068,07/11/2027,1297.4
451,LEGEND,LSP3012DI,Single speed,1100,14.068,07/11/2027,1297.4
452,HAYWARD,PLDI-125,Single speed,1100,14.068,07/11/2027,1297.4
453,RELTECH,V3 PRO,Variable speed,975,47.442,18/08/2027,384.68
454,RELTECH,GEN3-V3,Variable speed,975,47.442,18/08/2027,384.68
455,THERALUX,TVS PRO 1.25HP,Variable speed,975,47.442,18/08/2027,384.68
456,STANLEY,VS3,Variable speed,975,47.442,18/08/2027,384.68
457,OASIS,V310P,Variable speed,975,47.442,18/08/2027,384.68
458,SUPERPOOL,CL-VSP,Variable speed,975,47.442,18/08/2027,384.68
459,PURESWIM,PMP1250,Variable speed,975,47.442,18/08/2027,384.68
460,THERALUX,V3 PRO,Variable speed,975,47.442,18/08/2027,384.68
461,STANLEY,V3 PRO,Variable speed,975,47.442,18/08/2027,384.68
462,OASIS,V3 PRO,Variable speed,975,47.442,18/08/2027,384.68
463,SUPERPOOL,V3 PRO,Variable speed,975,47.442,18/08/2027,384.68
464,PURESWIM,V3 PRO,Variable speed,975,47.442,18/08/2027,384.68
465,GIANTZ,PUMP-POOL-MAX1200,Single speed,600,16.744,23/01/2029,1089.9
466,GIANTZ,PUMP-POOL-MAX2000,Single speed,1200,13.83,25/01/2029,1319.6
467,HAYWARD,PLDI150VSP,Variable speed,1400,34.275,21/12/2019,532.75
468,HAYWARD,SP3015DIVSP,Variable speed,1400,34.275,21/12/2019,532.75
469,HAYWARD,SFP3015DIVSP,Variable speed,1400,34.275,21/12/2019,532.75
470,LEGEND,SIIE230 0.75hp,Single speed,740,16.723,07/11/2027,1091.3
471,THERALUX,SIIE230 0.75hp,Single speed,740,16.723,07/11/2027,1091.3
472,HAYWARD,SIIE230 0.75hp,Single speed,740,16.723,07/11/2027,1091.3
473,HAYWARD,SP3007DI,Single speed,740,16.723,07/11/2027,1091.3
474,THERALUX,T3007DI,Single speed,740,16.723,07/11/2027,1091.3
475,LEGEND,LSP3007DI,Single speed,740,16.723,07/11/2027,1091.3
476,HAYWARD,SFII230,Single speed,740,16.723,07/11/2027,1091.3
477,HAYWARD,SFP3011DIVSP,Variable speed,800,37.221,02/11/2027,490.44
478,HAYWARD,Super II Eco VS 1hp,Variable speed,800,37.221,02/11/2027,490.44
479,LEGEND,Super II Eco VS 1hp,Variable speed,800,37.221,02/11/2027,490.44
480,THERALUX,Super II Eco VS 1hp,Variable speed,800,37.221,02/11/2027,490.44
481,THERALUX,T3011DIVSP,Variable speed,800,37.221,02/11/2027,490.44
482,LEGEND,LSP3011DIVSP,Variable speed,800,37.221,02/11/2027,490.44
483,HAYWARD,SP3011DIVSP,Variable speed,800,37.221,02/11/2027,490.44
484,HAYWARD,PLDI100VSP,Variable speed,800,37.221,02/11/2027,490.44
485,HAYWARD,ESP2300HVS,Variable speed,1990,40.343,28/01/2029,452.4
486,Speck,Magic 8,Single speed,700,18.947,19/01/2029,963.19
487,Speck,Magic 11,Single speed,1000,16.732,19/01/2029,1090.7
488,Speck,90/230,Single speed,1000,14.672,19/01/2029,1243.9
489,Pool and Spa Warehouse,PRO 230,Single speed,1000,14.672,19/01/2029,1243.9
490,Speck,230,Single speed,1000,14.672,19/01/2029,1243.9
491,Pool and Spa Warehouse,230,Single speed,1000,14.672,19/01/2029,1243.9
492,Speck,90/350,Single speed,1140,16.014,19/01/2029,1139.6
493,Pool and Spa Warehouse,PRO 350,Single speed,1140,16.014,19/01/2029,1139.6
494,Speck,350,Single speed,1140,16.014,19/01/2029,1139.6
495,Pool and Spa Warehouse,350,Single speed,1140,16.014,19/01/2029,1139.6
496,Speck,90/400,Single speed,1300,13.515,19/01/2029,1350.4
497,Pool and Spa Warehouse,PRO 400,Single speed,1300,13.515,19/01/2029,1350.4
498,Speck,400,Single speed,1300,13.515,19/01/2029,1350.4
499,Pool and Spa Warehouse,400,Single speed,1300,13.515,19/01/2029,1350.4
500,Speck,90/500,Single speed,1500,12.245,19/01/2029,1490.4
501,Pool and Spa Warehouse,PRO 500,Single speed,1500,12.245,19/01/2029,1490.4
502,Speck,500,Single speed,1500,12.245,19/01/2029,1490.4
503,Pool and Spa Warehouse,500,Single speed,1500,12.245,19/01/2029,1490.4
504,Speck,PDSPBETVS,Multi speed,975,26.574,30/01/2029,686.76
505,Pool and Spa Warehouse,ECO PRO,Multi speed,975,26.574,30/01/2029,686.76
506,Speck,VS,Multi speed,975,26.574,30/01/2029,686.76
507,Pool and Spa Warehouse,VS,Multi speed,975,26.574,30/01/2029,686.76
508,JH,CLP-JH-600,Single speed,600,16.744,30/01/2029,1089.9
509,JH,CLP-JH-1200,Single speed,1200,13.83,30/01/2029,1319.6
510,spatex,SX200-1,Single speed,1500,13.935,04/03/2029,1309.7
511,spatex,SX200-2,Two-speed,1500,21.045,04/03/2029,867.19
512,spatex,SX250-2,Two-speed,1850,18.784,04/03/2029,971.58
513,spatex,SX300-2,Two-speed,2200,18.415,04/03/2029,991.04
514,BADU,BADU Eco Soft,Variable speed,1100,39.397,,463.24
515,BADU,BADU Alpha Eco Soft,Variable speed,750,45.248,,403.34
516,BADU,BADU Gamma Eco VS,Variable speed,1400,34.577,,527.81
517,BADU,BADU Pro 23 2.0 hp,Single speed,1650,12.684,,1438.8
518,BADU,BADU Pro 18 1.5 hp,Single speed,1250,14.213,,1284
519,BADU,BADU Pro 11 1.0 hp,Single speed,900,16.072,,1135.5
520,BADU,BADU Eco future,Variable speed,1990,41.1,,444.04
521,BADU,BADU Delta Eco VS,Variable speed,1990,41.1,,444.04
522,OASIS,V390P,Variable speed,1400,39.603,07/08/2027,460.82
523,RELTECH,V5PRO+,Variable speed,1400,39.603,07/08/2027,460.82
524,RELTECH,GEN3-V5,Variable speed,1400,39.603,07/08/2027,460.82
525,THERALUX,TVSPRO 1.75HP,Variable speed,1400,39.603,07/08/2027,460.82
526,RELTECH,V5PRO,Variable speed,1400,39.603,07/08/2027,460.82
527,SUPERPOOL,CL-VSP1.5,Variable speed,1400,39.603,07/08/2027,460.82
528,PURESWIM,PMP1750,Variable speed,1400,39.603,07/08/2027,460.82
529,OASIS,V5 PRO,Variable speed,1400,39.603,07/08/2027,460.82
530,RELTECH,V5 PRO,Variable speed,1400,39.603,07/08/2027,460.82
531,THERALUX,V5 PRO,Variable speed,1400,39.603,07/08/2027,460.82
532,SUPERPOOL,V5 PRO,Variable speed,1400,39.603,07/08/2027,460.82
533,PURESWIM,V5 PRO,Variable speed,1400,39.603,07/08/2027,460.82
534,RELTECH,SS75,Single speed,740,16.78,07/08/2027,1087.6
535,OASIS,M170,Single speed,740,16.78,07/08/2027,1087.6
536,AQUATIGHT,S230,Single speed,740,16.78,07/08/2027,1087.6
537,PURESWIM,PSS1075,Single speed,740,16.78,07/08/2027,1087.6
538,RELTECH,GEN3-75,Single speed,740,16.78,07/08/2027,1087.6
539,RELTECH,PR75,Single speed,740,16.78,07/08/2027,1087.6
540,SUPERPOOL,CL0.75,Single speed,740,16.78,07/08/2027,1087.6
541,OASIS,PR75,Single speed,740,16.78,07/08/2027,1087.6
542,AQUATIGHT,PR75,Single speed,740,16.78,07/08/2027,1087.6
543,PURESWIM,PR75,Single speed,740,16.78,07/08/2027,1087.6
544,SUPERPOOL,PR75,Single speed,740,16.78,07/08/2027,1087.6
545,OASIS,V480P,Variable speed,1850,37.297,01/10/2027,489.31
546,RELTECH,V8PRO+,Variable speed,1850,37.297,01/10/2027,489.31
547,RELTECH,GEN3-V8+,Variable speed,1850,37.297,01/10/2027,489.31
548,PURESWIM,PMP2250,Variable speed,1850,37.297,01/10/2027,489.31
549,THERALUX,TVSPRO 2.25HP,Variable speed,1850,37.297,01/10/2027,489.31
550,SUPERPOOL,CL-VSP2.25,Variable speed,1850,37.297,01/10/2027,489.31
551,OASIS,V8PRO+,Variable speed,1850,37.297,01/10/2027,489.31
552,PURESWIM,V8PRO+,Variable speed,1850,37.297,01/10/2027,489.31
553,THERALUX,V8PRO+,Variable speed,1850,37.297,01/10/2027,489.31
554,SUPERPOOL,V8PRO+,Variable speed,1850,37.297,01/10/2027,489.31
555,RELTECH,PR50,Single speed,740,17.982,07/08/2027,1014.9
556,RELTECH,SS50,Single speed,740,17.982,07/08/2027,1014.9
557,RELTECH,GEN3-50,Single speed,740,17.982,07/08/2027,1014.9
558,OASIS,M150,Single speed,740,17.982,07/08/2027,1014.9
559,SUPERPOOL,CL0.5,Single speed,740,17.982,07/08/2027,1014.9
560,OASIS,PR50,Single speed,740,17.982,07/08/2027,1014.9
561,SUPERPOOL,PR50,Single speed,740,17.982,07/08/2027,1014.9
562,RELTECH,PR125,Single speed,1030,14.571,19/08/2027,1252.5
563,RELTECH,SS125,Single speed,1030,14.571,19/08/2027,1252.5
564,RELTECH,GEN3-125,Single speed,1030,14.571,19/08/2027,1252.5
565,AQUATIGHT,S350,Single speed,1030,14.571,19/08/2027,1252.5
566,OASIS,P330,Single speed,1030,14.571,19/08/2027,1252.5
567,SUPERPOOL,CL1.25,Single speed,1030,14.571,19/08/2027,1252.5
568,PURESWIM,PSS1125,Single speed,1030,14.571,19/08/2027,1252.5
569,RELTECH,1.25HP,Single speed,1030,14.571,19/08/2027,1252.5
570,AQUATIGHT,1.25HP,Single speed,1030,14.571,19/08/2027,1252.5
571,OASIS,1.25HP,Single speed,1030,14.571,19/08/2027,1252.5
572,SUPERPOOL,1.25HP,Single speed,1030,14.571,19/08/2027,1252.5
573,PURESWIM,1.25HP,Single speed,1030,14.571,19/08/2027,1252.5
574,Maytronics,ecoclear 1400-VS 2.0 hp,Variable speed,1990,41.1,09/08/2029,444.04
575,Sensapool,SF100,Single speed,750,16.654,31/07/2029,1095.8
576,Sensapool,SF150,Single speed,1100,13.377,31/07/2029,1364.3
577,Sensapool,SF200,Single speed,1500,12.079,31/07/2029,1510.9
578,POOL SET,PRO100,Single speed,750,16.654,20/08/2029,1095.8
579,Hyclor,HYCINV15,Variable speed,1288,38.716,23/08/2029,471.38
580,Hyclor,HYCINV10,Variable speed,1012,41.478,23/08/2029,439.99